id,link
9998,https://lh3.googleusercontent.com/bt8zThPFEgZpRvlK_hMB1GgjnwF0JpRq-6bA1NdhCCn-zXJJlnQwwDiCbaOsigsIO2XZ4s31oP9ziO7IPDcQvAmTxE2iavTf82rd=w513
9997,https://lh3.googleusercontent.com/vskr__7eYXK6lZHjCSLx0VIOJkkJMLKREF9wjYHvlJ7kCbA_qJChXpI1nhLIInL5o3BviApzxFLR47B4ajOZue3Ond7bZPMudSI92w=w513
9996,https://lh3.googleusercontent.com/oOxrPSqIusE3pR1vLRSTQwfn52LnwnsZ_a1nCXked6fwOHrOnhvMBM1uMpshUb8Q4lL-gnlV9YoteT9cXnDgIsz46Zkbo7CImK-yKw=w513
9995,https://lh3.googleusercontent.com/av0n1U41ScBRm6uBtY1xuvY2LRm9qKAyxvpfsbbR4g1qfRRdJS2HK5fEyEF-KuUbzu02cN6Chb760fCboEcEXmi5CF-9X0HCKpkz=w513
9994,https://lh3.googleusercontent.com/melhsO06p0eqFpLNGMas21c3jQt0e-racpx7MN5szirEU7xce1c5ZlsaAs-sqzM0Mv0wdefPg0SNZSv7NFCtc2aqQjDyaNyL_JHHTg=w513
9993,https://lh3.googleusercontent.com/uVxvGeIJRlub9sqkGM_6SOOvCMrEFxNmS_WQfFaT3ujADU1HMCGc1wpURnMfckZN81qXrVkYm29IEKA_XP7Vypig7l29HT0wcSNX7Q=w513
9992,https://lh3.googleusercontent.com/89yvQdCb6fozEpDdwat_DvGoNTSrbeCP_08-0nSZ4qvsG6K7dvQa6PYvLPq5Lghl89GAlY0j3iKgiXtfs0Dev8aVjy9whHXn-nXV2T0=w513
9991,https://lh3.googleusercontent.com/62ZlVh6NUJsu59vuEsP1KEA8A3wVZqViM6tq7iPo_sBsHgnOW2IG0eKaIxG1J-nLco2KI_oisLDjvvPhJ7m1ezdR-Nh2tpX04r3DfQ=w513
9990,https://lh3.googleusercontent.com/9if4CJBMNkyvxLK3-l_RZLA2-b4F08g8vYYcAObdibtTlg-1DNMKdG3S6o80YEawW-fUyKMYrcDbqQ9pBqXSvO6-ouLaqm40IOiK0Ww=w513
9989,https://lh3.googleusercontent.com/zIJR9vSAn61jmquDIcfgl9gB1Hf_JwMD6gG85L-Wf_lP5M5wqgVCrPto0Dt3X-STpRupuZDKm27mBMDGx7oiKpcoVpS2N0aiOebHdg=w513
9988,https://lh3.googleusercontent.com/o1SUX7nzds33yRklxhMAgbyeUPvmhQ7N-PQF_RzFKL6iFiyBN6GfduExf9jlQJuh_5VOnnqHXfRa7EDWFxc2c5Uk9pPQfPoJmgq-5g=w513
9987,https://lh3.googleusercontent.com/sl90gncD8Z_LAC2XEWu1hnlagHY3JR31m9sl8O5absJzhyRmZvy9XP86GG0uLMk4mArokNSMltjSuKUux3C3vck9QfjUN9L4jdgxMOY=w513
9986,https://lh3.googleusercontent.com/jlznVI_z4566uBqqSp_eGYOKP9wz53mjCXgjv4kBa8A-hLEG4M8BtY_LgRFO4aSBRt1149kWF7Ve9X-8VTblBhdj9jzv4sMbYYkAbg=w513
9985,https://lh3.googleusercontent.com/TlZJC_41SghB22GqQ3UhLiihzwrs_kOlO1WH_kJExxmheRTqhd8yI8ERRUwPeIQRbfDqgIYmHfbQQFnI-B5G4sPXzOA8dHJlb8ANaw=w513
9984,https://lh3.googleusercontent.com/HNcc1wrex19lyeGvKS9ukpkjqSP54XLVxJmJttMt0o3FE1QP-c_IO95PB_jSXlM0Ws5KpO4SI-Gn0vKaZliYUJkBW-cDMfhECWsJDMs=w513
9983,https://lh3.googleusercontent.com/Wq0-J1OdyBE8-N6b6Hil1q5IYQjLeoD-MyFcRX8CVsnVp9gP-M7rmU_ZOT62FC4s0YNYJBM9E0oOYkJck1ALoHUXZMVYpabuq1oZxA=w513
9982,https://lh3.googleusercontent.com/2i5ADiI1Rpx5dHaYVh6P3BW27aRrJYf-hCezXnp2E8ar5e3W5E7gZGLuyqHlEZ9NgEorIu2OVHuxm9tcEulba4hTp4lEnxrFaCjOhn8=w513
9981,https://lh3.googleusercontent.com/6-vJBUELydlRUmWboeF6wF84USljP5jvyA7Gl5BL4Iw9ijfpwqPOpkSPHojDAOj18mEhUoAMbSiyiTShqpKr3JTNqlBfPHeNLSE7yw=w513
9980,https://lh3.googleusercontent.com/YrIFV7d7RF5ZYvaT0LTfeXUxUwhChsXgs4fKcGP3UcqDQLF0iFsGUN9R0iJ-0TqXhMsLb4Ljuz01tDw4WGH6QgBiHKrBbAy64Rjh4YQ=w513
9979,https://lh3.googleusercontent.com/_R8glUDeTrY4G4kvOiJv3LYnykFLSCNzUKWsLIJJWW2AaAuArlqyYJPgYAIrBjGOXujyhUOiA1ZWKN74lUTn9jj6LS9Y1ZDLmRGkmQ=w513
9978,https://lh3.googleusercontent.com/AlHz4XEaLbguQ1x8CHVBg2DUS7b8delWen6AixSnqJ39cfQdpTGhnCLwozQ9Wkt8TV113hCuam5K1Iyz0XrdctGZN6-mcx6nORct=w513
9977,https://lh3.googleusercontent.com/IIsTAvn1Qg_XmTwVy9HnUNQCUVbpUjiNsW_sqpeP2zOhStLzQNVAiphqk1292ieo6D2DsiZ9Cav3qIm1N6aXdZXxuYwX14cgh25T_g=w513
9976,https://lh3.googleusercontent.com/zlBk2I4LmuVs6LCyMzGObBL818dfvxmh0IxuDeOspQRIcQ0GdRtuHmbZ3SjQTXz0rMna-BdXwLrxNFu3ERIZ8NL8gOzlX55jcM1I2g=w513
9975,https://lh3.googleusercontent.com/Su3hdjDh9jQnUBRKvAMdyzyybd0gqg2OfdQa6Il_r6Niye78FmHFpT7Bv-i8ll7NEHffy8vco6tami4F87_3LMHc2zd2KIMtu_RiRw=w513
9974,https://lh3.googleusercontent.com/G60LFd7Xhb4-awZbjqaoa8bfIbA-rC4Og7PSkpoJiI4aJyMruwNEy-hpVsVa-pwirkICITbzQCZoSp6iG-BsU5-Td7-DSrv0y6NVBA=w513
9973,https://lh3.googleusercontent.com/-4Pz6B1FkH8kb7dcR0MMxrJsOdx6QVZYJSjYCaOLBb1rZWKbdhixeH8j-XLenPhEQEXYoGOfgEF1lgXWremypJ1esdXps1XcBLO9Cg=w513
9972,https://lh3.googleusercontent.com/vcL_TRKR8FRqUjmF_BgvdDWV-KayjKBGTmFEVBEME_SzEFaM_xOtsDiGd0gARi3tY8LLdb85GUkE_jM08wQG6PCX0JsGznrHk72qmg=w513
9971,https://lh3.googleusercontent.com/uiQqZsrI5G9LIPFa0VIadOfsO-CN1iYh4gVXOD3f54LDxpXg49UoeLBE9tLYVjVJje2_MevvzHA2FIPIIXHJTB_i7R56MVIXrwaSyA=w513
9970,https://lh3.googleusercontent.com/_Z9ZDqURUj2icLrUsOkJxokx4xZYSYPwvHKF27RdE5be8hNH3FVQJGo97sELKltElEvtdf7NXGotJyGMM1ZvKggah60hBMs7NQGBGqg=w513
9969,https://lh3.googleusercontent.com/-By9Yyj3kPgcuVQOBJ7sYtjEIgI3mVdWnWWCAjjdJTrYugj_SYi9HTgPjGSSf9uFUe-7mC54q70WJruIrhK1OY4nONlZm8lAJvZmVA=w513
9968,https://lh3.googleusercontent.com/a-IwYlNZNbA7dHktsHubQroIfKZm-idWJQIBXkhsmNWM8Lt0Te4nlt7S3yJvkMPjcnoPyJ2nX2Lvyu4vaZs3xi5nK5sIYCsxBWOn=w513
9967,https://lh3.googleusercontent.com/DfEACA48K6qO-YAVMxJT5FOlaJ83pC4tLZcTtUgmTBgHsd6SIoFxNFrz8oode6ITp-8ovtNHDjbhuwI-PLxZasOoLn-Vx4GPytDEtA=w513
9966,https://lh3.googleusercontent.com/jCjMXpsdkLw-B__ZwUU8PAG44N7-HAA8p5Lq7U5PvtaKHQNMOB4A9KWsezjAhe-gr1QsUCHaKvJhiT7aGviMPU6KlJvJwJwyY0vYpA=w513
9965,https://lh3.googleusercontent.com/5nb6pBUwWQqTnOm1y5WcjTsIRUYdOJ65fp-yRq1PWQeDyspNhlowMOC0ga5O6wj7E3srYqGgD-at4DK3khMMubAHK4wG1EGntZf_=w513
9964,https://lh3.googleusercontent.com/q_tfK4QHj5f4kDdbM7UWnkkC7M1uO8NhO9fw3GG48giV4Aa9Rk1QMR3qsJoQ6Rj8ewP67wR7nqYZQ0a7Q7ENtGHVfd_equVb_tQV=w513
9963,https://lh3.googleusercontent.com/RrKDxW8h7hYmsiIdFxlxkFrEqxOwG-OeMTmpkI_LOJPjx7V-90e6FSZws1JNwZtpXxGgU7UnnnoPJu0lLah_M7lhxMcxOWLZ9O4BZw=w513
9962,https://lh3.googleusercontent.com/BgDyR9c8VrxfLjyZiRDISoBL3iQc5qrF7t85F8uxXYBZFsGV8JT8j_F-EPU32eaf-X3yOrFCq_A1z8iLI09qX6PFEAUf4kRbOPNuXaM=w513
9961,https://lh3.googleusercontent.com/YHCMHboAWU6n9h94fwZk-wFWevAm0ZlEMMgkhJQgGp9UpoQquxQem0K38g-jCP3BvXqokkjx3Ny0BdCHmzB0REyPXPxUOc-W0XmwkA=w513
9960,https://lh3.googleusercontent.com/Zq1W0cw2NCwMznlTZwFIIpYxvtTkBsuxFQtPnGS3mIgv60nfPLtrXlV6FWq-ppCGQlcGLJzrEqMv8XKk3kOcCSljkf_CNFM1-rE1MA=w513
9959,https://lh3.googleusercontent.com/gH2JjZVrujJJqCFupI2SL5PST7aUGvbEjLyP8_I7saavA1aFv-c2QjaxRT1rxdoafZc4r1juNK6kTBARIeB-cz9pW_6Os401t7eN1Nw=w513
9958,https://lh3.googleusercontent.com/nynI2A8oBNVk55KZHhskyJRNry-rfoLw76DjDjPYb2Izx3tryZRsYYqrRgTf_g4NnVKQmchtcK9C9l6AKZoHIrgXojEubbK2vX34=w513
9957,https://lh3.googleusercontent.com/d5SljZ4T99tMvZMypHD77ZCOu24PiytQtE_OyacZbVFwE7FTa8W4mwnX-g0hijv9hesAlEkFY-Yr5whh1iNQYRqfL_yem6csYchxeg=w513
9956,https://lh3.googleusercontent.com/UWZZKqxPnsUTFVEd_JJ0pz9zWNqWAEIym7vybvPRFdjX_iW862NpoNii3YC5Hd2J6iKCE8t4SrfpOD9-j3CWn_wk1NIkpOvt5njiig=w513
9955,https://lh3.googleusercontent.com/vMWpgPFlYxO6t9lb50XU_hVs2CvTg3wdPWXPhdG82JTLhMZ_cKT4O-qSRwRoziia1Ur85uL-XIBLN4eqdG4wnrHvW-S7rfIgdG-kuKg=w513
9954,https://lh3.googleusercontent.com/I-1Ibv7vIPZmA0gMkwkUe1XXvIGBaneqP6GFO5gvUpEQP53Oqt7TCg_NhQaGoHICITK_Iv8tpMxKJq8kSDCsWMOld1rFBFQwadgsnw=w513
9953,https://lh3.googleusercontent.com/uusDOlrb82BV0WkXoHHd1SJwRLdQ6E1nziXcqnytY86u3cCeOjtdNcmEIy72oEhZutBdhoAVhINd2unKQ4YlQq4D8KRYZUMMSI6OnQ=w513
9952,https://lh3.googleusercontent.com/8q4UBbfTt6DpE7aHMgfqMsOZYvfF6TPLN94cIDJbXeO7iG4Vw4gmYocI98g8HSTB6GcLyeZohfmOgyubU7BQzP8ESy3N4OpFtMcigA=w513
9951,https://lh3.googleusercontent.com/UnCMeTncgjOIVIJZ7C4ZnKAagRMHe8eyS8vmuOvu-aNDBJB5ME1TKXciNKRq6qCTvWJ5wBMPs_JiNfHM9rNTI_10pJHV61T55UQr=w513
9950,https://lh3.googleusercontent.com/0WdIjWrXlwBGg7ecLKxS8Mc9fUqRYPA1uTdR8ncvBW_rzRP5HofToMEIaFCO-BrKU86La3MjkwJkMC0WyKAJzaWGSbRn2lnUBIMRag=w513
9949,https://lh3.googleusercontent.com/RcXAgekWgaH5mHzxuZVOnYom2ZoFOqs_SL4PWJ7lNP2lgxUY28emwa5NgVXKQnuUs6V8qg6cib1Ahlyjv4O7whNz5DdWSLb0eRZGzQ=w513
9948,https://lh3.googleusercontent.com/jMsgIXhlR0Xe8T7GL3s-6nRY1MKOIcwAF3RtQmNK8_iYycYLCXPRtnB52ODy-p1Jl3qU3yeVgcnhaqu0v_O2v2p8vgUeaLZ2ozUm244=w513
9947,https://lh3.googleusercontent.com/OFaP13zag41qwN3O5kxAYvv9eGPbRhPurXfsviYYhNBOV2JvzeoWy8iv395l1g5NvPttck7dWC669XK3SrudUGAQkKspwTf7Zzjisg=w513
9946,https://lh3.googleusercontent.com/QQs7C4NfaaWq9ExFk_fi_nM-V7cWojPXu3Mq8VsWe8m1rqAxSIn2fqksKgyaupZQFdCItQC8OAXgABEQGgbHoh9vhChPI18dfSsnbkc=w513
9945,https://lh3.googleusercontent.com/ZG6pVNheCkY8EpiXP2SKXcdYTrc8x-g3SYJVWoPE_4JPFy3Ywtt7po_c9q3Igs-1uPqbEmaDFdzCnDA0HRjMRNraDDYmf7Gbw-7v=w513
9944,https://lh3.googleusercontent.com/nW7PQXPqc2Wq8AsKietIJr-NEIVnKKMW6W2jxkATopKS_pjt54KbPtdP8o2KTvVe0InYKrkn5mPrD1HTK5Y61vPPSUuDqDcil3AqHw=w513
9943,https://lh3.googleusercontent.com/sdWJZFfjKe5Bz4sNXDKFLNw3vXLOS4PYx6jNmrDYJuqEwgKj6L0TGEKnB7EC46afnk1KR23jdYnGUIYeW3q8onpiaJXPRuWIf4_4nCI=w513
9942,https://lh3.googleusercontent.com/6mkFBnsSVfMCIp7kcY-IxpTtnzqGuqcRcHNubO_PevMW1SPdKELCY_eFNzcpcnGOR0nly8KPrwFvI-io-IDWbWmmtWmuiPeYrVsUDw=w513
9941,https://lh3.googleusercontent.com/I3FFgad7yPt-05lP2SrMY6Y6kyAuOzbCsoy9js1vEuVSNDoovc3QTQ-BP_9feszKdgCKuSbKl0ub9m1fm_vUmkSWn1NRvYgUuv22kQ=w513
9940,https://lh3.googleusercontent.com/v5MTCapgLo0NEn0EtUO5efky6fD-AQNSHYZkUVNmGF3La6z2Zv30W8sfl4OayM38xLefH6-WoFhwruo8bfN8XU2J2QuwW9-Khq5nqA=w513
9939,https://lh3.googleusercontent.com/51HhDQB7awUAoFQMdQ-3i_pTON44sU7z4DSJu6PZ7jIOcUK3T4y7kKVvQ164w1PA4DDxyHmfyGA81WElI3sO7vY73n3jBIIjL0KhyQ=w513
9938,https://lh3.googleusercontent.com/Tsca13TqNIzVQjR4jadyCZOXMt87G0hYsc9e5_XILhmAlEzXtJGX59kziyzjd-wwe_ZigwQHg7J6UQGir_pMov9ZADEiGsPmiF0P=w513
9937,https://lh3.googleusercontent.com/FXK1A_d5EFucmJNJln-WKBlNja_Cgf6da5NOEcXVmf8H0aici_rp5rOCTpSDMuInfH-tMd7YGsbSh0d37m8u84OYI1PBruavnuN9gw=w513
9936,https://lh3.googleusercontent.com/9ZHZU313WyM8FEb2eEzbXrrSOE9yvsBaidc6vLOc-D0D59Bgn4Ai7OF_gHckoVTTaldxc5z-_eYF3a3AgADpjYk_ZQSwuQQ8iBzdRw=w513
9935,https://lh3.googleusercontent.com/_eOUHBF_rT1VkRO5QIN_tbp4lXAiL1IuV8Ul3kb1m0NTCmuUxQSHb7Pn9Eb5TrF6qKoaCnYuCFZdv3ESUpfJnebfXF815ywoLKhV=w513
9934,https://lh3.googleusercontent.com/CnukVYx0etu09bOEUWdLcjcWH_3SqbBLRmcRXWKnBoN7wWeZMIPk_1gDjrzv8sO7yo304quRhhVbdJyTWHTt4WXpfEkLAa7R6fQ9ZA=w513
9933,https://lh3.googleusercontent.com/8VrVwfI0Mksd7bB722i3OJt4nP6FdeT30sonHSfAPdEYSzi-bZu2kAytxMqZFzgFVmwledhaFP3F-Th78y5k2Grg0Xb3_1MGusYW6A=w513
9932,https://lh3.googleusercontent.com/SsXxndiEoqGDQ2Gp9L3ltm8UtYY35QjlZ8N1g9zoCDfXeqUANxCAV18PUbK7NRdH4bwOIMce9U_etFYO3aqTzJxljqwE3d5EnL3O=w513
9931,https://lh3.googleusercontent.com/cog4HLEygvFL2ZB8Giujt4nqJErQ_-Rka3Uwnol73zBJstnGN7eBvpMW1Z8AMmTbTOjWKw-LY-M3XwJjQVg4Anb-CRQrNeYTn1AHsJ0=w513
9930,https://lh3.googleusercontent.com/CSVjpdwYp6P6AmH97F-0PS8G0NWP6zC9_GsbuF7yyqx-8bH5_fqVMUo4E3wx2bS1g8n_0wJupBoTkzp24SP0erHVdKht-6OrZMFLNA=w513
9929,https://lh3.googleusercontent.com/TUnBJQd2Ja1MXAZA0OYB9eBfX1SWzCM-zIv6WlvFgeFQ41_X1nGAmr6WeNijoTOO4pl7YvPHGGHibAmxbZsCBL2ZvigE4oFFMjofyw=w513
9928,https://lh3.googleusercontent.com/5nhiJkS4xmqOeuYnol3YTl11qBF-IxXpeLpJ5r83i986uZkVNJIaxYZ5cs9A0Q0C2-V693129y7XWpWpks5hyG3MUvWMPSRqXeOH=w513
9927,https://lh3.googleusercontent.com/EIqoq4d6E0pgr4I-5tOrE9tKoaW_323rG0aLMfLA1e2cjKhgDUH30q-J7eX8EagSEZ9TbHLZClbvHVw8U_yMoAcoJnvTCTAs-9EZHw=w513
9926,https://lh3.googleusercontent.com/jHaEy71UIaec7NUwFZXFGB3cywWN72s2hfEMc6eMc0lTB2YzG5DExGRVtfj6-YeMXJrfu3S3dQvYkIrcl1ytppBL_0zmzhDov4--Iw=w513
9925,https://lh3.googleusercontent.com/t2AawM2-3X_x5qjLCClwGcMTHvz5Oe5wV7s0IxM2UihfnVmPkd6WipXq4xINltFe2WChEtoDIzxJKRV0WsVao-ixD3dyygFas_XsCw=w513
9924,https://lh3.googleusercontent.com/PkHoGADQYR7bHrRwss1UEUOLYmQP8gd8jANo2nuh5XIK9NbkNdiMsCcPWwMHe_D3ECTBNKbc81MChh2PV4omrtejtFNE0Nn1PlAQ=w513
9923,https://lh3.googleusercontent.com/RClvflen3OVExvA_8OGqDNMY0BFXfqQq_dmV5j45NeKqGqlJM8glXJNzYdNmntG-iO53AUS0JIyL_TpWCLTErS04xiyZfrsP3lJzTA=w513
9922,https://lh3.googleusercontent.com/OPc7MZRKx4JaH24hP_LM-yFzWJmUY1pBJn5Vtf9M1K4xYbSMDtUjnQUjMfjxPkfqROv3BxeUdYE0_-z_vzNW9w-NZtxECiy0lFb5-zs=w513
9921,https://lh3.googleusercontent.com/BvjMxZdv3YKk4fPz4mKuuJlcdMw1fihpTVbeJ1HD3Z-Gtqlr7HTt_fVGy8GE_pnDuliIly5Oda2mNnfs0Ojjg2UjnCJaqUtCsFUglK4=w513
9920,https://lh3.googleusercontent.com/OUGDhnDP9JLvGqlbfClBGZwLykCifA9J3qmovHaqZ2z8PwatQxdiHmxKaL_VpyOPUEpn4eaUR6-4q3ZQ94wwE1HOwt1R7XnL8XYilA=w513
9919,https://lh3.googleusercontent.com/9O035sX5nXeb3JDHYmU_rkCPFOLhU16J23zEAR1Vt4Ycfniyu_7P6ozMH4KgNRsXZXucNsklCbNiUyneVTCSVDCC0PMIwWfQfiNtreA=w513
9918,https://lh3.googleusercontent.com/1xaQd82MuSL7nhUM5_Y1OBMaPnvJmaOGpbbHpIne43Q3eX3I2QA6xGD54xJTON2scMce-6-0AFRxVSLiT6o1JIBr4Bcxo_T-UhdM=w513
9917,https://lh3.googleusercontent.com/m1eJu77uqqcO1pjHyhfZU9bfpzXb7mWQjfEwV04RR38PXGaF6yc081rEHJqSzXbJF0N1JZTusky_vcNuqTM6Ose_VS81bt3gEGdX4bw=w513
9916,https://lh3.googleusercontent.com/BecjreleVLv5UmnfEU3ZFSqzSg6Jm0pwJod1C2sp9tactRrzgq3Cy0PTraNJ_6eKnJxoEcd9kfYWgFw3sb_6-GrRBTWNLE0j1-ip4HA=w513
9915,https://lh3.googleusercontent.com/OHWnlQBCLjSveByg_T01P9Ah4ttmsPeic3ZgfeP-tKQlILTqYxayFuTAwoaLnmOCwYJrDSlk6pCd-typKHEc3N7UpTPpAnoJPP1GFg=w513
9914,https://lh3.googleusercontent.com/qHkBWdtLGzUn26eaBBvuZnY8tbH-kk1NhX31Y94T8yeqzJcKnRRIhv8yj0tOTWQP35NijVKRn0v_plMX9zeza-swiMxTPDfZii3Q=w513
9913,https://lh3.googleusercontent.com/Yf_JlElBVWYEJup9nFOOpXUUNOrGgvDyYvO_cQ9bS2Lf863MISUlyUZXeF366m_Sd9nGrv1-c5g7bWXzJwGrGYtb4SozvyaxaPKh=w513
9912,https://lh3.googleusercontent.com/Yu3UmsTifM8puSNq5_2O-uP3WmMd0QhTYEiDW-9iBvZMd9vG_tpD5ekpzydbX9_bDq3zmokokjJ3d8stpYAEF9pe2p-_ReQys1B4aw=w513
9911,https://lh3.googleusercontent.com/6NdklgJxewAM6m2OZuqMh8P7a6t9XDzt3SufzDDZLuyHhZBP0DN-Ytl9jRrFRM0KrWfx6VhtCC7UUzdfTZ6RnWz5VXL5nRlQyADHgAc=w513
9910,https://lh3.googleusercontent.com/_8F2L2rVUg5daVxdYKEDe1U_deFbcXZo-6VNKSDeuS22jAsoqEY7iu23ECGvaM-x6fySjlxM6Za1k3E-bvFM4FrmKZD12EBiHR9I=w513
9909,https://lh3.googleusercontent.com/4948N1jf9ih9Ep_WoM73SSdMoQ_21fd6z_aBnojlectOCQvCheLinoYdHcjKwZSQZmmGSLVtyX4NlgmhdrL5PkfRjFN4X5OBVOJv=w513
9908,https://lh3.googleusercontent.com/nPT4XW4wTbFR7s4uY391ZjU2APRIg3FCndRfaxLh9qTLpkKRWH-2gDncaez2kbjuxEx21fBM20yktX7HzjyqJtVy-3QyoOhO-24j8oU=w513
9907,https://lh3.googleusercontent.com/7swai37b3GXxbt3jCEMzdISgKDK2MtaLZqDxz83z_q71B31_cw38TWR9H4hAZ6LlcO19CFOxb5VVof_xH1cPllW_A8C5nr7VMPNApe0=w513
9906,https://lh3.googleusercontent.com/tptEs6O6Ff78VPgp8oTjMqgTK0UHLAxXMzqlQsINVlRmeicQzPVpIbNfuHDibNDgQO8UktbosUX8vDFZ4GVu9-139x7e6fbLH8A9-Q=w513
9905,https://lh3.googleusercontent.com/BLZQh6284Hm3petbU6Uvi--3qxtUotnTPIGHxUU6UxHRFNo4h12jWGjsizg_lhLzezTenyQ1bLK5tO0Ny2yYgDXxbB0MImI9DPsv=w513
9904,https://lh3.googleusercontent.com/Z7EMviL26Xn_4SIuk7rl9DALvyuc93AMZS_DSLO_58coFpI7J3zViT_2EjCDdvKj6rv5VjU8AI7Btl5mMD-R-mQJiaG0uXH8O-LLiQ=w513
9903,https://lh3.googleusercontent.com/2Y7-tms1TXSbMtOMl5ged-El3iOpaf3VBxP8F5HFQ_DdFwnAWcJVIajEIysptqlWj-F6hKg9fRl7HfD39EeiSlFOk6Wcl9-LJaNgiuM=w513
9902,https://lh3.googleusercontent.com/NxtueVwnumoZX7ARAeNsi6gcmXjYIn9JNTNlJiFpcDq1jeU9JBaVgYwBhvCf4ZVmw9ueXmcOoQv4zOm7FcDwPHDPeg9XG0GtmJ4m=w513
9901,https://lh3.googleusercontent.com/-dHueV74aRrUhX-gG7xN9YD7Lpe0drBecteFdOvIlyh_kuA-4uVYvrM0AHHa_eie1WgkNtFLtAMQWmDav2WUW-e9UDwTF3IW4EfQ_B4=w513
9900,https://lh3.googleusercontent.com/4gvxo0H8fh79GzhJGY1EyxoRa_grlykTvaCnDlo6up58wL5Js5kUjwDcTznL8A5_a5R-H9uor1M0CCSY-uwvGlDtt1NCNiOUYxAooA=w513
9899,https://lh3.googleusercontent.com/D6Mq9nLqW67JJ2FcbQqbLHgYEwJWc856_mmHs6X-0V1ASEQpAUby1Je7VPB9FH1G_0HiD-i0-AqWtchnXrnm5_1XoKdNyJgkapj5fA=w513
9898,https://lh3.googleusercontent.com/v1k3NPZsZnAlIgzKtz4EqI-dz4NqzV27F9x_1NW0uMQ6YamplhRdTQSkKSNcYW7XPGNPirTfja_q5oyNLz3eGUXNkPZf--k2Mm8uQQ=w513
9897,https://lh3.googleusercontent.com/is-NuAfmDYrHQYZJ6yQwNVYRb8ubm5LLbY48R766Dv6PJtQPb9ewMoYAsWxmVteYc1fKIiGLfkKNA7rqHnA5SF1URzOmXujZzXBa=w513
9896,https://lh3.googleusercontent.com/HI8j2339PCReoFM-LJiBGBlTr94fFLs6nIFCoOLS1PwCqD7FLLft00gTjPdFqrjVwfTscEFW-yaVFTs_sHR0ywByibqp7diDHta2=w513
9895,https://lh3.googleusercontent.com/AT98i8OajX6Bb9uIV5BGJK-H7iMBNx4ZuYb_JXsdBwo7K546IynjtzPRH9iQqFaQN2V35ttVoHQn7xnUVdTp6tITlUZJgWbinaLaLg=w513
9894,https://lh3.googleusercontent.com/2MIQZn2vsKoU8eNIEA2EJxsrCOE6ui3Fj-mDOQKHcQZNNDsoRl3IqDSe5WkCGyDsYbnEb3ib6bPDSxdwdI8xsI_rSyK-gSGas7gO=w513
9893,https://lh3.googleusercontent.com/5Y2eILAUPmbwYqsdATxcBKkMQzR7BW64Y0ORUp-uUPpaUa76sfLvQyw9IQTuo8Uf5_7CDKr-HdftWh0wuBiNp5bOSPOVrzeaDo0V=w513
9892,https://lh3.googleusercontent.com/E_OsWDLyVjUU7dN7fO07x3HfCwqbl-eYoaEBQBhpIfCZ-5rlsnwstqULkoGRd5moHF8XQdiCEOFM6lkOs19bY2p4xo4mqUF-k_Hz4A=w513
9891,https://lh3.googleusercontent.com/QIOCaG1FKdqGuZVf7OgXZrBsZ-6WqgIFEFaI965465L3D4eH4ayGqAK6xQ7E0qrAfyoTlGg2IPK50ZF5UQoMP3pQq6Yh3dEIKyVgpg=w513
9890,https://lh3.googleusercontent.com/glbEMzYc3udsKFMvsgyk2vWbZb4IaPZLOn13ae0X8j_ao5eoe2xs2kVTzHnKqjb3jvP1SHuDQdcUpB6PhSQh9b_sH1XqgYfQxPyN=w513
9889,https://lh3.googleusercontent.com/TDVaN10H8tQZxB-TYxncbQ7ICoP-p_PeoPN6YQRLOA1QN_vqIpSjsFVZ2JHu34Pe-L3Qtvqa19eDtKm5J1JatRIcUSPrGejn2Ola6w=w513
9888,https://lh3.googleusercontent.com/3kHBncdm1ugsCJ9Yw8lsfZpqY6IW4VO0xYjZ1F2AhU2uZpGJf1BLQc8L4gCUX_b4xW-jxi_uzrOIfwfWcb-vvrUq1ont16tqPDYl1g=w513
9887,https://lh3.googleusercontent.com/tDOpIjVi7xYYdaVj4166YyRweOZUW30h_Oiycnol5xPgM3ApHGVFe-SHZS1IXYLqKxqKDtXhsCgH2hvk8GTotZhswA_1I4eln7OuRcQ=w513
9886,https://lh3.googleusercontent.com/_5mXmSEDpE9br9jCHzoi5mWjj5h_ZSNixzOHBX0IREDFFdNNezXiDciskMTjXOuC63ojcYnRaXHD6tbOlJVkzALx0JdgyqcovE35SQ=w513
9885,https://lh3.googleusercontent.com/iiWunN3fCVXfMrIQf7eOdMkbyYmqvscbb1L2oUDoTaUqXIeFldFqS3An9r9Y-riky9g7YQUF5xPrYfRtC_Fbw1HvoHV0Sz2jIKz7WQ=w513
9884,https://lh3.googleusercontent.com/oEQSysDTxDZoOt0odk3aOyMZARZAhXIrwwnurQw3Z-0NlUlLT4OHhUiLD3LAKJaplQ9abcbifVRw-sPPop2AvKAkmEKTn-DPwYaP0g=w513
9883,https://lh3.googleusercontent.com/F7iH3iYZMWCeLl8951lw5EnJsGXl9HYjfCqJpF2GuW3k9qvdFG3MXb54urlNZdPrZX8qBjjvJTsIgBgyB_pIuZQj6w1Rq-GCeepX=w513
9882,https://lh3.googleusercontent.com/Ce9U4WER0WsZFpn7rET63zOHZ2-2yvIkDLheCQ0o58P55LsuNbm4u3qChITfKKHHbVwS4IX4yGGIQSBV-cthEmdgM_VwBSUUk9zvlg=w513
9881,https://lh3.googleusercontent.com/huhwaw8LApJ4Zvgv5uBtmcFe6vdwMC968z5uuWabVeOwsI3gq2dfSpYXV_oGsvtLthGVm6uocr87siMcPCorh3xErTVRmaSLAjs3=w513
9880,https://lh3.googleusercontent.com/jpnAFs2ZRfUYSiA3h7zXo_EKAmhUdzbTeH3XAys-4a1vcabrOhqrWZW4dqXueHo1aAId36rhpzaAazULkqslzusrONwuj2XQ1lJxZGo=w513
9879,https://lh3.googleusercontent.com/cwE6D32IaO4JRF5RySc193wZp2F81Zg-b4zYtX0rZR0gYDCEOlny2uUrL_Uh2Nh8EQZ-es6K11SX4qEpVK5anlRiF4FkBg_SVWd52w=w513
9878,https://lh3.googleusercontent.com/vIL4li8hEHohWMPnWsDoYkVztNjJSS4SfDPlJ4rvkk2Zr8A0Mzs4FcFBsW9EIpsTUO-gJY0gcTGsfzCO_nt9ukq0-TETFB-JyklKcl8=w513
9877,https://lh3.googleusercontent.com/Oo0nBXv1kCU2tCWICe1wncHH09bitZ_GlfgpmhdxRm_bDeY6jTONdNuKNB0OZcAvVJgeD8w9xc2HnfHKpEeh0bKk8zeKvNa5Rqe5=w513
9876,https://lh3.googleusercontent.com/r9HUZ6lg5PfX4Nrzmd7L3CQCU_OHgeHiz_oadK_4O0qy_R10NEAZfy5DutNEq8fC7p4ZWWhXEDFRjWvDeUzPIcwjgo-Ti4CMN2IE3w=w513
9875,https://lh3.googleusercontent.com/aQFBM8iMOMpc5nNcgS4pdvVB2vY-vCBA6xQVzixQPygEdzk3WI36SyxdZWi0o1ejJa2m4kOJkXAWmuvSld3mrNaI6CSkK2exCSNDKBI=w513
9874,https://lh3.googleusercontent.com/uN2j74H796OUUbgsggZSDQUY24pXGshvMQniUjvqLE0wz-QAec9LCZ8JVl9o8jmxbOF3__6s4lENqrBRC-jtIPfN9LkruDVKNz0V9g=w513
9873,https://lh3.googleusercontent.com/w9qvN-01YsVzzTArF8C0rPdzbC03VPkKdSHxFt4MgK-0nt_dhNkIOe6RhWTPWomtxgFzYET_CEAzfVEPSK6yskHSxL-cN4ZgP8MAXA=w513
9872,https://lh3.googleusercontent.com/02IxXnRqlsiWM_Tbmz_Ef6JbIhu0r4AfPpKDtA5uj9KllOTd4ZdlJOzR6Q420vZK3ajc0svNF3c_9buMcguUR9ZEqiio8XOVIURp2RM=w513
9871,https://lh3.googleusercontent.com/RAoFt-yWI6mZsbuxJvoDBjOJvK--8zDKmHMpk6tp8_FVLGscDcBq29T_LlRFH-B64UuXpHkDuqJHLFwYkq7U3XX_WBEpqmHxXsmaWg=w513
9870,https://lh3.googleusercontent.com/GGNZrZNkz5NNiUOUk-_7iRWT3TPPV2W6zDu0n57zZNZiGNBLEd84n3pYs3fGfV9QEhcge1rtTd0lp1nM7Mv2ntJ3g8OisoGAczXf=w513
9869,https://lh3.googleusercontent.com/ef7tCyNrrbV9vfo_f8BcgQnvyLtY0pDHvrXk-R_ikBaTGz_wgWm6Hsj_BX-iFRXLdPPmkTnjdsSX8Z9PoG4KS_8gvO_YRDytehCexBM=w513
9868,https://lh3.googleusercontent.com/Amr5Ndb0erHawPKSRjX2J2cFLgQlhS0pTVo8GJWb1NlOIaCXEeU0IBFJqaD1yjyUC6XRLuo3q0jqrgNKGUeIvqsw3e4S8exiD-oj=w513
9867,https://lh3.googleusercontent.com/Dh7W_AO_mLHuxdPENRx56DJ7UrPjqi0j8YscubU2TX3mrZvgQDM0oOm3E0Mhw_uMTP1er8iVv8htH6W3Hfa8rXwQ3k5s6GMQa4Yyvd4=w513
9866,https://lh3.googleusercontent.com/GL4K4JT4uf4dnJD65AxG3dBSrS76k53nUiT7EWCgXfrfpf_JzWaOGaYosNdyKhibhBTOeyIsTCgPuHYjIdkHYQtj542a5QVQOGdraNs=w513
9865,https://lh3.googleusercontent.com/l2i_zI4ILftMnLklLkLGyS6AwxqYTrDJrJgbs-xN0JMcZC1HiASG_qrv2rEa52FG4if5G50cd8R7IApsch26Fs39tx2koeeWswsTPhc=w513
9864,https://lh3.googleusercontent.com/0nSNM4AHgDRxdr6AvkHRwbP2p68rG690NjhiSanKZFVSv6_Ys4AEXZ8qZoE9DfCFcj0v1ocj1TJ2_dqOE3fyeBIE99VFiYICk49-rg=w513
9863,https://lh3.googleusercontent.com/2-s4YkNPIoQkckyzV1nVtRb3fEcLOmKwdqmGs5tSLyTXofGOs35zZFTo7GV4Wn4hXOST1LE8afCZCPtV6kBqsWsBaU_lRfpOju9cnvI=w513
9862,https://lh3.googleusercontent.com/tXyOgfYbbJa8eSpBu2yUcU3pFKyC-iZG_MllyjkfL1BtdDHI0S06-maiwld0Vgl2_1KyNL8fwxMvF0ZKKHq9khYrzyhAuuQa1JQ6tw=w513
9861,https://lh3.googleusercontent.com/GLG9nyLn9RqmIJAkqT-VVOieBA0dVk2Zls8GvI8YiePztUpdwraY47pNWTEfdCtcF3b-6q8SHLS2n0vtgjVJF8HDB6aswDm4mJTHUeo=w513
9860,https://lh3.googleusercontent.com/wknhCvcPDBNBd5czy1mIepB3HIZKGf6sz5ojpnRJ0Xk9uoEV1o3KHJm7_GUNDzPWZMD6pvCUCUPOonB0CBq-lWBAH1WEQqaOEbhrDXk=w513
9859,https://lh3.googleusercontent.com/vlfdBbtLeDhwOcC0EO7qaaucTco3hSmLGNXr7zq4F3urBCy0PtJwxhrGowSZHNxFBzsD_d37Gvg_4AFPTUslJ6xArEvAiYFj9NtWYGk=w513
9858,https://lh3.googleusercontent.com/G0W7wCS66VTiLsgUHKFBbf8q4PU69Q4cKMEZ3Phs3s0jmglRpaJdE3WxXg1lmijDgcs8EaEbqhq1WgQaA_Dn7wEFPfROZiKrNIdmg0s=w513
9857,https://lh3.googleusercontent.com/8BJFHLTUzC0HjshRUpbrCmfmh6YfpbQjHzc6W2p_xArngq4ZzCfMeF1kKz9T9ZuJDm9d0C6-fpyBQzjSBge_F4LqKNRsIZjqPgcDjdg=w513
9855,https://lh3.googleusercontent.com/uEAvYL4EkM7s4jgWAlZjrilBYncWqclRNPXJnu6yNpLWpnYcehyrSF2UUjV8ikQAneXdZK8cZ-3Ds7CAgwZ4lrD0XdvVAVdz3jU8=w513
9854,https://lh3.googleusercontent.com/-9cMB4VA9VkpybHsU7GRCYd_wFTGn6EMctGknpilVYAOhPHZelLZS4HIu_ogy_jxz4TO7gShTeIc9DGe4oy5Wz9ER3_riafzY22d=w513
9853,https://lh3.googleusercontent.com/4o-mTnib65-eRlbyaPUHRjKtkPzB9rMR3prNIOIeGOkSt-Jy6n-BJSDOE04DFrYI5VS2Sh9lUoD-NGyQKpcdLgwSHYNvJXe099lI=w513
9852,https://lh3.googleusercontent.com/b0Ef8eARgvmnS0C_1-dkvd9b6baL3b4ZsT2EEK14rLK3dryy_bq4SAyunhphylOzvaIolXLmIr_OvA1ePLAv2g2gLuCVmBN1DviGyA=w513
9851,https://lh3.googleusercontent.com/Ke7rVVQxUXqulBQTYWoxynuLw5qI-IiLFoHkGvNLyg8tJcteN4qlObzu9mCuE5yV-Q2Ap7eEVMsTuFAMb478x6pkkaMlaj51E8jkaF8=w513
9850,https://lh3.googleusercontent.com/6nUdmzo8GS2HedJv2j57Lw2I8OwcOIvZ2c0SdouUf_AzYOxQwEdJzcnqQXomikxI0PbyhW0ap5tzc7aL1XwHgDQbMeWZfm2Rm_3lnQ=w513
9849,https://lh3.googleusercontent.com/uXk26xzwRXs0TpO9Ww7HkEl8kJ39nLzVfW3A9OzlzxcmaVvcXcA_Do1Z2iGoH95GTYBBvQqeh6TZyBi0FgLKUEi4YCRmB8VpsWXj=w513
9848,https://lh3.googleusercontent.com/or43EmtF2mNsXLr6S6-j4SqKWsLvXpv2qJ6B8DF7CS4FtzV5fA30M3gdihTkNqmgijineChQaDWsa8-wuBKxXqaqUsSCaT9qWOQ=w513
9847,https://lh3.googleusercontent.com/KpFPJu80qO1IEx6xxG3oc2c0VQrDSSEnwsN7aDHZo5FXqB1XXIeil0acgUZf9bqPdYzrrA8h0PgMCRDYBI5TH1cBg3luI_QUtAZlOQ=w513
9846,https://lh3.googleusercontent.com/wOlluF-xVmSMm3wuQ7kFSaG-IiFviovD8EWcoc60Y6xYHpcw76Hpf6SUsK6SDZNrOU02zUrq7BOZ_Tkb9AL-xi_nheuKckQ2xX_lSvo=w513
9845,https://lh3.googleusercontent.com/VmE_gtuw5mMB54_RyIcHcvztDjXqeDXM0FQokwdaIfsQNlctsPdWsoENwITFzjDPMlLcAPQjdJVH499PrMUMUguw7-dFzoz_iHWXog=w513
9844,https://lh3.googleusercontent.com/gSAqNfcE8pl4i2OQxgt9qII504h7KLAkjTmKsCeKalFoZWU7yBHND-PuP1qAgPBbVktdMyqJHsRf3_-8cJZXpW9qxiMqpaNKfF8YATI=w513
9843,https://lh3.googleusercontent.com/4upD7dFGUs9Eh2XSDGczgiccAe3zwWEOUNF8g4-vibUr8QPmnyznmzVNzOGBWM0x8gz_yK3ju4-72xafdbgACSXAZQkTN95CvBUCfw=w513
9842,https://lh3.googleusercontent.com/x7Ty-1S2ttkrxPUsIiIBEQNHoCg7OH2BondkwQ-kFhhHoGazXIjDEYT7DG5NZTr2t_H_n8OJM9Nit55zheRZZcHac_pN-_ifdchx7DI=w513
9841,https://lh3.googleusercontent.com/lNaCgC9rhseK0fHdgTIm3sNtHz2fzBPbpJ9zdw2kAOFecOPegBAxZtWGoBGeiA4N7k_msc004gWSDY-EYJPn0A3d07HLvD0zAgXB=w513
9840,https://lh3.googleusercontent.com/0boF7tGwkoeAFGXlUiUeUl-jdUvaQVo_AOkClDogWeNnaFJpt7w0zGXXEYSBFf6FGZ1XfoHuKRFLtHQJZIkiWDYjZXMSZRWP75NGOQ=w513
9839,https://lh3.googleusercontent.com/UdDQFuKYw8EGtSkmsdWxFlmHPvKXE60cnbWZsSFt6n0tJBFPo397NRyfb1u3uyKwdvINxjedFp-khfyJazbhFGDpFAUMGbOwfKrq=w513
9838,https://lh3.googleusercontent.com/QWoGrKoA7f0x2it7B5i2Ppq5gosPIwXZzCaqOYqsRYBlRxln0Weghoez-CUhg-jA7LXxW1Ve-geTYVNtVxIEMHuS-tKak5REAGfU=w513
9837,https://lh3.googleusercontent.com/h73OBrmhu5KsD70QzmoG9voeHJG023j4G6uhTYfWfk0-DA0f_topSV5XjDIpVJqLxWxY-hT5wOevNOkiI3VxZmfZeK37Gu3K8lLt=w513
9836,https://lh3.googleusercontent.com/V2DmjSJmhBAPw30Hg5EFjYGP_tSZEDw6602m6626Hk_n-lqnZrvNJKxgXHQrg4ZBLAev2Sb6qRtRwEqCYkwoKsH2lCghCNtD5nFzXQ=w513
9835,https://lh3.googleusercontent.com/R6y4st56hfRiTYbjVEzW2P2UWOSgN4GvMhPPhrjm_wReHs3IfwZHq7rcuYcQRguy0p1RR_CM9OkwaTNqI-3F7Mjmmry6TOhwnURP-7o=w513
9834,https://lh3.googleusercontent.com/DETBq62QPWvXvQ5LrbeZKHDpwwUiciuN4iTgy71TTZOgVgDUKH05TPmhb0gk4dCi_YpyPAlNDp8dW7AdfruzycTOs5Oqqb9qdsfZxg=w513
9833,https://lh3.googleusercontent.com/j5XlTjoe1nBwP1Kbehdf7Xg3SNrj5kOXRq5QclXWRHOrgwnYYk0tRDK_qSaqZafZWv8VrFKINa2togjMbxsKk5NqbO5fi41JEOIw=w513
9832,https://lh3.googleusercontent.com/f3UwSIx_BpeAZeh0PP3Ub3e5zoDQhDMDT_tSmKHyBCNn02PjFhEuX1VgZT5PeFYSb85hKXe__fGosURR7bhBW8vQLjEqkHiinmwcRw=w513
9831,https://lh3.googleusercontent.com/VXHXOogYHzkgb7uDJqJchRrjRfhfftJGqvdGiLvgneZHwGERQnkdy47hqJ61KPJMotTwdq8d4CT8jB1qKvRHfFEBnuwOp4m2_VOl_Q=w513
9830,https://lh3.googleusercontent.com/2LqZnD33M1zKzORwfotWd2ixjAKBRZ5oMox7ME08WCCD4_MI5m3Eabau6EMKn2gGf5_HCKilBTNvKFlAt1Z6SDLrmXfa1NyrfMdF=w513
9829,https://lh3.googleusercontent.com/lCAIVuLWXI2OawQuJUdE3N393D8OrxI1IEMJjwnn8Ic6bOr7wKA2_BxqDnrIt_6TeYgWsK4cpa17cp2dMBhZ6MAd2JcpUXZVMaZh6g=w513
9828,https://lh3.googleusercontent.com/0sjeMsATYKEPrEdvUNfgPZYdOc5k2bjOmH7wQtdX-vdn3rErH_sPcnR1XrmZvdYaUoJWvQH36tQnlo6kojCYZoNze1lNcjrpe-ffGCQ=w513
9827,https://lh3.googleusercontent.com/xtRL5Q3jXa4lkw5TtYQtIj8xtpKN1JgSCOjdpvu-8EexGmSk4lTee0ElhMupb2VOaG-EnvqXFqaa3jOXf187zVOwAlIedSxqGfbXEG8=w513
9826,https://lh3.googleusercontent.com/BplCiOI9ELZPJs_zWBdZXx59aKw3Ooxc8a0XIARTRXHn9vB2C3iEyBd65kDbUod-7l3kv-rzqj2UNWQvpcG0RFwqliCvQKnkjy0X=w513
9825,https://lh3.googleusercontent.com/6yXlJYv5fNn-eV2Kz5zNXPw2p5IWigP1lk8ZeSoRCzgf3tWMvDr7nNoxRttGXkErJWhESA4OjgzhZ65jMmY6jZUprCFO7lT3OwqnTA=w513
9824,https://lh3.googleusercontent.com/gFUz38DImTQirHiO2ZlPbZLRR4b0QpTEIc49dn9srt1EijG_M8uFW6PNbVWjZA5FalL3QjzCXINo7x70LDJEJ5o7by6vbj8lMA_Zxw=w513
9823,https://lh3.googleusercontent.com/QK7oBoNDdmM2DWVtlTLe22WQ-Q6ph0ZiqqfWkxOQUr0wiHKHUmdERGrDf6qOohJV56kmvSaA90nNiLT86BXSV5VxmpOCY1kHtRwy0w=w513
9822,https://lh3.googleusercontent.com/qCiO3P6jDjP9w08xBxifhI_RQrWY5X48K6xFAnU8IsXcHajbLE5wVee5A6C6vGESRycshCsB4opj0BeZgmS2JXO3cGn0UgPbg7p2=w513
9821,https://lh3.googleusercontent.com/Ol3lHqPILSX8b63VatZbnI0u3_2pKtq3BKrSbxlM9vJ9IUWB4of6fOnKIaKUYHMTSCjs_4FK8ImsculQbZEXx58fY6qIMfq5joFNAA=w513
9820,https://lh3.googleusercontent.com/3An-4sYfroNoknwP1IEX9196ZvebZDA9SbvYzib8UhblMoBdXP0ZE5YyLDxauTRclXqeGlLbndXUtjnhKGwozFZ-Z6FMI_ghp6X9=w513
9819,https://lh3.googleusercontent.com/xb_31umTQemEtkrEdm6oaJTZnInqzLrV9qlp5jZl9RH5Ef8ROxnd3Yw0s6CMjLwZtd0abvDs1jZN4CXEexriJj3FFCRClWBSrDDY=w513
9818,https://lh3.googleusercontent.com/hUNYjJJu2AbKZZ2hOTnp0QEfXxi4irT05R2JYm3t1HmNh1l_Mixx8ALJl9jEEyszSSaDan3FbBHlQif5w_6Z3di_upcJLpaK-BJ4=w513
9817,https://lh3.googleusercontent.com/sSbiK8sIjiqZQA6tdkTbDc6dIRNdjzxZe9R2E5bz_lmZ5-6xhcvjZ6ZJvZwXavol08YV4OSCtcUyYW76SArTtwgKBZmyKHpDkvSVDg=w513
9816,https://lh3.googleusercontent.com/DAyu1PQY3ipDH9yBaNvxKtnRUCOta2gLd_ugbcC-OEXrPVO4wOuCV6fLdDjbaXf7pRSKwYiBHsk06XMg26V2zsOOtT4BfchruV-RRA=w513
9815,https://lh3.googleusercontent.com/XmqimQH2-sND8aCtFZ0ikxHODw46BcXf_ceLVafdLbkquj2aQsxwscF4hykGw0EIqugg6vjG450MkSLffGfB6MqlxT5DUeJyhQU51ZA=w513
9814,https://lh3.googleusercontent.com/a1KCNeOjLocDZXTwsFP4vAYkKPV6LeKfthK6U_Ht3fnbj3VFCQ_QPB2AZlCUfqsno0tMMFnVpH9U_LnFaH-HECY8ssbc1wokF3Nx=w513
9813,https://lh3.googleusercontent.com/5n87I1dWui-PC6QdsbmOFca3I8qhAbfOsK5TIF8eVXd5V2Yd9CXtOM1_rvgxtF19SCT-TXougq-wykhypkhqrnx3a_byc45l7pVjbg=w513
9812,https://lh3.googleusercontent.com/Xy9tfpik6jSWYfLv83sC8XzdVKlozBAMcx52LRekU1uIb-v1LOAs2Du08yVUCfTtrn_KEWAL9Boleb0w_AyDwm39Dyo_GSkOHNPHeA=w513
9811,https://lh3.googleusercontent.com/8er5e7Ww24UiGp3Hv3myw8KiFrRlwN2uoT_3DlxzG2R0WOV7ba82JFF9H00dVysrFG6eMG0ES1DE0WRx_nuDMqUnWseGcLpf9zW6Ew=w513
9810,https://lh3.googleusercontent.com/UonCtMtTSaXVR0fH2MU0Le2NRvfd0md0gOrIf34VSTybH2MxIXrZOZMtFCh5VVMkq7GVMWwGAtMJLqPrqoJtkulouSGKSLnxK20Oo-c=w513
9809,https://lh3.googleusercontent.com/w0Gwc3NgsKQbjFeMGTc8ehZnkZJdfPeVoS6psktamNfSGsCT6rP8vogsnhUHGUohQfMtkyVAWC7U-Z4WXKon6TDITbKvsJNJYzTY5A=w513
9808,https://lh3.googleusercontent.com/yUIiYlA1rVp6HxO64BKT80FIITPoZzSu4asPs20TePlKE8QjNYxbypazuogBSUutPfRgCULNY8G0zatsH1dk8lHoz8TAKeLOAfLIgBw=w513
9807,https://lh3.googleusercontent.com/HeJdWvq_7r9Hhhhxl2ZPGbGsRmfXPyQ6nPgRU4cppDPOCM6JoFsm88X_bBEPUx9zkmlN82XRGgbvFv0nqGvOg5rsDEKBc2Uo-c5dHcE=w513
9806,https://lh3.googleusercontent.com/w41beb-2VQe5SZFSL_Mt5KBezzK3ioDBkc_iC2zxYtwjLRfgzQaqWYl5rkd2rH1q7tc357Bp-NexRyswu3KtPmb1rpFy4KlyCBLY=w513
9805,https://lh3.googleusercontent.com/1Gg3IU4lO6QVeps6yXs8JwD-4q7OdRG5enikmKjFH5tKrJ-Lcvr62ogVeD7CuhqEjKl2-MEOipHpH6X_yWBEdegVxz2KldVUFOqYfw=w513
9804,https://lh3.googleusercontent.com/P7ukEuRIvC4fmYB8Gk4tN4-R_aU9ua_5GqLITcL0Fo7ugCyBctoU-E23yu6aJHcYjmt1h6ovjxAKDOev_FmnWc3xVZPSRbqSKarC=w513
9803,https://lh3.googleusercontent.com/HV_uVUJzDzKBfb0bHRd1i6_rns9qKkQBpEWJDrmpzNoELAyzbCKUaflc3pmF3rlpsr_DH5a2XoiceRTLY22k6vSzbubZfOOva_kXoA=w513
9802,https://lh3.googleusercontent.com/_3Od5BG9sUmPrAHe71B1cSLkgoWpcqPvNoHms8-ahSNOb0Kr6zkAxlOee6GbV34fHO7OOvbuBdSxmbhhh_YcLkRyEdeVTE4hr-5H7w=w513
9801,https://lh3.googleusercontent.com/SA6GggQg0DRtRKdEu3iZLV3PA9JfwqEBaAOPrQIece53E0k07plI3b9p5bAja8Q2IMYXSuMO4hvafb15XF3qZ7pufZxK3EdjeGchQA=w513
9800,https://lh3.googleusercontent.com/2H5bR41J_XCJFtIOizgpTiXhn4sCt2OpwVIhtJns_3ilXT4728nQCsrjAdbp4KYTr3ayoaAXA1jyCXk-k8PVHcILlKjHdBrlDEh33A=w513
